Dam Name,Observation Date,Reservoir Water Level (RWL) (m),Water Level Deviation - Hr,Water Level Deviation - Amount,Normal High Water Level (NHWL) (m),Deviation from NHWL (m),Rule Curve Elevation (m),Deviation from Rule Curve (m),Gates,Meters,Inflow,Outflow
Angat,2026-08-23,191.10,24,0.63,210.00,-18.90,182.60,8.50,,,,
Ipo,2026-08-23,100.44,24,0.32,101.10,-0.66,0.00,0.00,,,,
La Mesa,2026-08-23,79.30,24,-0.06,80.15,-0.85,0.00,0.00,,,,
Ambuklao,2026-08-23,751.69,24,0.11,752.00,-0.31,745.00,6.69,1,0.50,,143.40
Binga,2026-08-23,574.34,24,-0.23,575.00,-0.66,565.00,9.34,2,0.80,,191.93
San Roque,2026-08-23,274.96,24,-0.27,280.00,-5.04,249.27,25.69,,,,
Pantabangan,2026-08-23,190.29,24,0.45,216.00,-25.71,211.54,-21.25,,,,
Magat Dam,2026-08-23,178.78,24,-0.13,190.00,-11.22,181.52,-2.74,,,,
Caliraya,2026-08-23,286.48,24,0.08,0.00,0.00,0.00,0.00,,,,
